"id","user_id","user_name","password","email"
"1","1271","asd","asd","asd"
"8","27860338634","kosmic","123","cristian.gabor01@e-uvt.ro"
"9","2957487154","kosmic2","123","cristian.gabor01@e-uvt.ro"
"10","2761900","kosmic3","123","cristian.gabor01@e-uvt.ro"
"11","6055","kosmic4","asd","cristian.gabor01@e-uvt.ro"
"12","9223372036854775807","kosmic5","123","cristian.gabor01@e-uvt.ro"
"13","9223372036854775807","kosmic6","asd","cristian.gabor01@e-uvt.ro"
"14","7639869511894978","kosmic7","asd","cristian.gabor01@e-uvt.ro"
"15","6568","kosmic8","123","cristian.gabor01@e-uvt.ro"
"16","876879554911","kosmic9","asd","cristian.gabor01@e-uvt.ro"
"17","9374643875","kosmic10","123","cristian.gabor01@e-uvt.ro"
"18","79560183703","kosmic11","123","cristian.gabor01@e-uvt.ro"
"19","89382090932870","kosmic12","asd","cristian.gabor01@e-uvt.ro"
"20","8849071001813","kosmic13","asd","cristian.gabor01@e-uvt.ro"
"21","704068686513825638","kosmic14","asd","cristian.gabor01@e-uvt.ro"
"22","2474005413600955","kosmic15","asd","cristian.gabor01@e-uvt.ro"
"23","6203136","kosmic16","asd","cristian.gabor01@e-uvt.ro"
"24","5223051425174","kosmic17","123","cristian.gabor01@e-uvt.ro"
"25","39926278","kosmic18","123","cristian.gabor01@e-uvt.ro"
"26","142887016","kosmic19","123","cristian.gabor01@e-uvt.ro"
"27","9917731563","kosmic20","123","cristian.gabor01@e-uvt.ro"
"28","73299889736963386","kosmic21","123","cristian.gabor01@e-uvt.ro"
"29","935264","kosmic22","123","cristian.gabor01@e-uvt.ro"
"30","539400190","kosmic23","asd","cristian.gabor01@e-uvt.ro"
"31","9223372036854775807","kosmic24","123","cristian.gabor01@e-uvt.ro"
"32","6255","kosmic25","123","cristian.gabor01@e-uvt.ro"
"33","3860195105339214657","kosmic24","123","cristian.gabor01@e-uvt.ro"
"34","2550475249833638407","kosmic25","123","cristian.gabor01@e-uvt.ro"
"35","3575215955789769607","kosmic26","123","cristian.gabor01@e-uvt.ro"
"36","2428","kosmic27","123","cristian.gabor01@e-uvt.ro"
"37","251335286959","kosmic28","123","cristian.gabor01@e-uvt.ro"
"38","9223372036854775807","kosmic29","123","cristian.gabor01@e-uvt.ro"
"39","292530842253531298","kosmic30","123","cristian.gabor01@e-uvt.ro"
"41","86330","kosmic31","123","cristian.gabor01@e-uvt.ro"
"42","318276994","kosmic32","asd","cristian.gabor01@e-uvt.ro"
"43","8022","kosmic33","123","cristian.gabor01@e-uvt.ro"
"44","1822362305475023862","kosmic34","asd","cristian.gabor01@e-uvt.ro"
"45","7039073224","kosmic35","123","cristian.gabor01@e-uvt.ro"
"46","39946569546","kosmic36","123","cristian.gabor01@e-uvt.ro"
"47","7238457135248","kosmic37","asd","cristian.gabor01@e-uvt.ro"
"48","84201331533","kosmic38","123","cristian.gabor01@e-uvt.ro"
"49","3968649487","kosmic39","123","cristian.gabor01@e-uvt.ro"
"50","90244","kosmic40","123","cristian.gabor01@e-uvt.ro"
"51","490400","kosmic41","123","cristian.gabor01@e-uvt.ro"
"52","5420556185644","kosmic42","123","cristian.gabor01@e-uvt.ro"
"53","7348482786403480","kosmic43","123","cristian.gabor01@e-uvt.ro"
"54","86566035666361720","kosmic44","123","cristian.gabor01@e-uvt.ro"
"55","11694","kosmic45","123","cristian.gabor01@e-uvt.ro"
"56","2741619750474","kosmic46","123","cristian.gabor01@e-uvt.ro"
"57","5191787426561738","kosmic47","123","cristian.gabor01@e-uvt.ro"
"58","9223372036854775807","kosmic48","123","cristian.gabor01@e-uvt.ro"
"59","5040210","kosmic49","123","cristian.gabor01@e-uvt.ro"
"60","4291903042742","kosmic50","123","cristian.gabor01@e-uvt.ro"
